reporting_day,Total_Sales,Walkins_count,Holiday,preciptype,Tem
1/23/2022,28019.49,764,0,1,4.8
1/26/2022,15847.97,357,0,0,2.2
1/27/2022,8605.5,198,0,1,4.9
1/28/2022,37576.85,954,0,1,4.8
1/29/2022,56619.14,1488,0,1,7.6
1/30/2022,36890.04,1082,0,0,5.3
1/31/2022,40.67,2,0,1,4.6
2/2/2022,16202.14,391,0,1,7.4
2/3/2022,13068.37,295,1,1,7.1
2/4/2022,40879.37,1046,0,1,6.3
2/5/2022,59669.16,1698,0,1,4.9
2/6/2022,33494.24,951,0,1,6.3
2/7/2022,0,1,0,1,4.8
2/9/2022,12224.81,335,0,1,8.8
2/10/2022,11803.79,291,0,1,6
2/11/2022,43424.89,1111,0,1,3.8
2/12/2022,68474.83,1834,0,0,2.6
2/13/2022,42352.07,1032,0,0,5.5
2/14/2022,21.18,36,1,1,9.2
2/16/2022,13141.86,375,0,1,10.1
2/18/2022,20644.88,585,0,1,8.6
2/19/2022,68443.23,1915,0,1,5.8
2/20/2022,26499.9,833,0,1,7.7
2/23/2022,21073.43,536,0,0,7.1
2/24/2022,10850.97,367,0,1,7
2/25/2022,47915.49,1318,0,1,3.2
2/26/2022,68967.61,1925,0,0,2.6
2/27/2022,49032.71,1640,0,0,4.6
2/28/2022,17028.59,567,1,0,6.5
3/1/2022,7658.41,221,0,0,5.9
3/2/2022,13765.4,401,0,0,6.4
3/3/2022,14980.78,537,0,0,5.7
3/4/2022,43221.9,1281,0,0,4.1
3/5/2022,73316.36,2049,0,0,3.5
3/6/2022,33211.23,1121,0,0,1.8
3/7/2022,9534.43,267,0,0,2.7
3/8/2022,9516.51,299,0,0,5.1
3/9/2022,10311.53,328,0,0,7.7
3/10/2022,15814.22,593,0,0,9.8
3/11/2022,41799.03,1200,0,0,9.7
3/12/2022,69017.57,1897,0,0,10.9
3/13/2022,37310.87,1162,0,0,11.6
3/14/2022,6767.85,239,0,1,9.6
3/15/2022,11103.09,300,0,1,8.3
3/16/2022,13483.6,414,0,0,9
3/17/2022,21692.46,714,0,1,8.9
3/18/2022,42851.96,1144,0,0,7.8
3/19/2022,62461.95,1800,0,0,8.3
3/20/2022,35103.53,1095,0,1,7.2
3/21/2022,10382.29,393,0,1,11.4
3/22/2022,11993.15,376,0,0,13.5
3/23/2022,15463.75,448,0,0,11.5
3/24/2022,16146.82,672,0,0,10.7
3/25/2022,44911.44,1308,0,0,10.9
3/26/2022,71364.21,1953,0,0,11.8
3/27/2022,40001,1263,1,0,11.3
3/28/2022,14753.54,416,0,0,11.1
3/29/2022,10878.75,396,0,0,8.7
3/30/2022,16108.64,513,0,0,7.9
3/31/2022,19519.3,808,0,1,4.8
4/1/2022,39578.87,1085,0,1,0.9
4/2/2022,70945.4,1939,0,1,2.4
4/3/2022,30804.89,1014,0,1,2.9
4/4/2022,10947.19,294,0,1,3.8
4/5/2022,10822.34,318,0,1,9.5
4/6/2022,15244.35,442,0,1,9.5
4/7/2022,14967.37,595,0,1,9.5
4/8/2022,44885.43,1256,0,1,6.4
4/9/2022,72677.13,2006,0,1,5.4
4/10/2022,41186.87,1297,1,1,5.2
4/11/2022,18249.75,578,0,0,9.7
4/12/2022,19065.85,675,0,0,15.4
4/13/2022,22369.91,789,0,1,15.7
4/14/2022,32641.72,1314,0,1,14.4
4/15/2022,64221.22,2027,1,0,9.1
4/16/2022,67965.65,2049,0,0,10
4/17/2022,37081.16,1224,1,0,11.8
4/18/2022,32727.26,1217,1,0,13.4
4/19/2022,21498.37,791,0,0,12.4
4/20/2022,23233.68,872,0,0,12.1
4/21/2022,33214.16,1534,0,0,11.9
4/22/2022,49339.72,1495,0,0,12
4/23/2022,71987.26,2089,0,1,13.5
4/24/2022,33280.37,1096,0,1,13.1
4/25/2022,10385.17,333,0,1,9.2
4/26/2022,10587.42,307,0,1,10.2
4/27/2022,12409.92,405,0,0,10.5
4/28/2022,15125.14,618,0,0,11.1
4/29/2022,48782.98,1364,0,0,10.6
4/30/2022,76386.7,2208,0,1,9.6
5/1/2022,36022.75,1169,1,0,11
5/2/2022,12651.3,454,0,0,12.9
5/3/2022,12524.06,394,0,0,12.8
5/4/2022,16522.02,433,0,0,12.1
5/5/2022,28273.74,951,0,1,13.7
5/6/2022,49676.17,1402,1,1,14.5
5/7/2022,78634.85,2081,0,1,15
5/8/2022,30881.26,1014,1,1,13.4
5/9/2022,13595.13,439,1,0,16.4
5/10/2022,10913.22,728,0,1,19.4
5/11/2022,16508.65,563,0,1,19.6
5/12/2022,22834.51,912,0,1,15.3
5/13/2022,47959.99,1300,0,1,14.2
5/14/2022,79346.87,2191,0,0,15.5
5/15/2022,37249.16,1086,0,0,18.7
5/16/2022,13219.08,379,0,1,18.5
5/17/2022,16048.68,484,0,0,17.9
5/18/2022,17859.03,531,0,0,23.2
5/19/2022,20898.39,774,0,1,21
5/20/2022,41016.88,1168,0,1,17.2
5/21/2022,76441.37,2087,0,1,14.3
5/22/2022,35535.69,1103,0,1,16.3
5/23/2022,12463.4,384,0,1,18.6
5/24/2022,13314.61,421,0,1,13.8
5/25/2022,38316.14,1226,0,0,14.3
5/26/2022,62967.58,2293,1,1,16.5
5/27/2022,55223.34,1691,0,1,14.8
5/28/2022,77007.85,2123,0,1,12.4
5/29/2022,35674.37,1167,0,1,10.1
5/30/2022,12434.32,405,0,1,11.6
5/31/2022,14172.45,468,0,1,12.6
6/1/2022,12435.59,466,0,1,12
6/2/2022,26456.66,1056,0,0,13.6
6/3/2022,47542.2,1338,0,0,18
6/4/2022,71572.09,1985,0,0,18.9
6/5/2022,62447.82,1982,0,1,18.1
6/6/2022,45159.29,1636,1,1,16.6
6/7/2022,15647.19,500,0,1,15.7
6/8/2022,19349.82,554,0,1,15.6
6/9/2022,27260.53,1150,0,1,15.3
6/10/2022,45657.94,1291,0,1,17.1
6/11/2022,76918.98,2108,0,1,19.9
6/12/2022,39010.27,1266,0,0,17.9
6/13/2022,13502.11,404,0,1,15.3
6/14/2022,14933.15,441,0,0,15.5
6/15/2022,33693.36,1097,0,0,19.6
6/16/2022,50149.93,1831,1,0,19.2
6/17/2022,41942.64,1259,0,0,21.4
6/18/2022,58113.5,1644,0,0,26.1
6/19/2022,25619.03,837,0,1,18.8
6/20/2022,12435.32,378,0,1,16
6/21/2022,12588.32,411,0,0,16.6
6/22/2022,13113.81,417,0,0,20.6
6/23/2022,22312.46,898,0,0,24.5
6/24/2022,43327.33,1235,0,1,20.6
6/25/2022,72562.74,2094,0,1,20.7
6/26/2022,41574.9,1330,0,1,18.5
6/27/2022,16091.45,535,0,1,17.3
6/28/2022,13446.24,504,0,1,18.4
6/29/2022,16312.33,567,0,0,21.1
6/30/2022,25294.35,1093,0,1,21.8
7/1/2022,51698.92,1398,0,1,16.5
7/2/2022,75759.39,2112,0,0,19.2
7/3/2022,38643.38,1226,0,0,19.9
7/4/2022,12766.07,460,0,0,18.1
7/5/2022,15999.11,531,0,0,18.3
7/6/2022,19557.31,686,0,1,16.1
7/7/2022,22687.1,1041,0,1,17.2
7/8/2022,49697.66,1395,0,1,17.9
7/9/2022,80745.05,2258,0,1,18.5
7/10/2022,41033.42,1331,0,1,15.5
7/11/2022,16642.01,536,0,1,18
7/12/2022,18402.42,597,0,0,21
7/13/2022,20728.72,717,0,1,23.6
7/14/2022,26819.53,1226,0,0,19.3
7/15/2022,51191.71,1446,0,0,17.1
7/16/2022,69662.65,2002,0,0,18.4
7/17/2022,37386.73,1155,0,0,19.2
7/18/2022,12906.46,434,0,0,24.3
7/19/2022,11363.53,356,0,0,28.7
7/20/2022,18146.38,696,0,1,26.5
7/21/2022,26221.12,1198,0,1,18.4
7/22/2022,43370.64,1291,0,1,17.8
7/23/2022,69112.05,2009,0,1,19.6
7/24/2022,34454.95,1028,0,0,23.4
7/25/2022,15304.4,566,0,1,23.7
7/26/2022,19376.09,751,0,1,18.6
7/27/2022,33196.54,1176,0,1,16.7
7/28/2022,35194.94,1566,0,0,18.4
7/29/2022,56898.25,1584,0,1,19
7/30/2022,77964.79,2264,0,0,19.6
7/31/2022,53746.35,1647,0,1,21
8/1/2022,22585.54,825,0,1,20.4
8/2/2022,24682.38,899,0,0,21.4
8/3/2022,21941.79,789,0,0,25.4
8/4/2022,32437.64,1436,0,0,25.9
8/5/2022,50261.91,1467,0,1,18.7
8/6/2022,73869.52,2166,0,1,16.4
8/7/2022,47819.85,1526,0,0,18.6
8/8/2022,26369.28,920,0,0,19.6
8/9/2022,19834.58,667,0,0,21.5
8/10/2022,21779.99,683,0,0,23.4
8/11/2022,30769.34,1247,0,0,24.8
8/12/2022,53954.96,1389,0,0,25.2
8/13/2022,75755.33,2101,0,0,25.2
8/14/2022,46075.74,1354,0,1,25.5
8/15/2022,17360.39,531,0,1,22.8
8/16/2022,17163.13,621,0,1,23.8
8/17/2022,25850.5,841,0,1,22
8/18/2022,30987.37,1355,0,1,20.3
8/19/2022,58093.72,1594,0,1,21
8/20/2022,70748.96,2027,0,1,20.3
8/21/2022,43140.16,1358,0,0,19.2
8/22/2022,17829.61,542,0,0,21.4
8/23/2022,20012.04,655,0,0,23.5
8/24/2022,22123.08,718,0,0,25.2
8/25/2022,27532.05,1091,0,0,26.5
8/26/2022,48757.02,1384,0,1,21.1
8/27/2022,71614.58,2113,0,1,18.7
8/28/2022,45674.62,1506,0,0,18.6
8/29/2022,21726.36,683,0,0,17.4
8/30/2022,21547.48,528,0,0,20.3
8/31/2022,22424.16,690,0,0,19.9
9/1/2022,26173.09,1125,0,0,20
9/2/2022,51770.05,1500,0,0,20.3
9/3/2022,76713.9,2145,0,1,20.3
9/4/2022,48483.5,1493,0,0,21.2
9/5/2022,17024.33,520,0,0,23.3
9/6/2022,14361.97,459,0,1,23.7
9/7/2022,24160.8,746,0,1,20.1
9/8/2022,28354.06,1124,0,1,17.9
9/9/2022,49627.89,1455,0,1,16.4
9/10/2022,74758.7,2175,0,1,15.8
9/11/2022,50931.27,1615,0,1,16.3
9/12/2022,14771.68,470,0,0,18
9/13/2022,15341.96,478,0,1,20.3
9/14/2022,20837.38,622,0,1,14.6
9/15/2022,27226.32,1190,0,1,14.3
9/16/2022,51826.04,1514,0,1,12.8
9/17/2022,75542.08,2077,0,1,11.3
9/18/2022,45901.49,1453,0,1,10.6
9/19/2022,14906.39,476,0,1,11.5
9/20/2022,15035.07,478,0,1,11.8
9/21/2022,18120.59,518,0,1,11.3
9/22/2022,23227.8,974,0,0,12.4
9/23/2022,51608.34,1415,0,0,13.8
9/24/2022,73350.39,2108,0,1,14
9/25/2022,48403.37,1499,0,1,13.1
9/26/2022,10363.04,309,0,1,10.8
9/27/2022,16877.43,563,0,1,9.6
9/28/2022,16110.35,525,0,1,9
9/29/2022,30016.3,1102,0,1,9.7
9/30/2022,46764.73,1393,0,0,10.6
10/1/2022,76503.89,2223,0,1,13
10/2/2022,61345.49,1819,0,1,13.7
10/3/2022,48737.41,1793,1,1,11.4
10/4/2022,18703.79,663,0,0,13.1
10/5/2022,20472.42,790,0,0,15.6
10/6/2022,27923.85,1370,0,1,13.5
10/7/2022,47708.91,1404,0,0,12.3
10/8/2022,81524.65,2389,0,1,11.9
10/9/2022,47212.69,1536,0,0,10.7
10/10/2022,21654.56,756,0,1,13
10/11/2022,18691.51,736,0,0,9.4
10/12/2022,24526.83,906,0,0,9.5
10/13/2022,32817.49,1532,0,1,12.6
10/14/2022,55352.84,1723,0,1,13.5
10/15/2022,83658.2,2509,0,1,14.6
10/16/2022,55091.02,1807,0,1,15.3
10/17/2022,14151.7,453,0,1,17.5
10/18/2022,15489.39,450,0,1,14.9
10/19/2022,16368.47,531,0,1,10.5
10/20/2022,24142.87,962,0,1,12.5
10/21/2022,51987.96,1447,0,1,15.7
10/22/2022,74934.13,2280,0,1,14.9
10/23/2022,52706.07,1657,0,1,15.9
10/24/2022,14335.4,429,0,1,15.8
10/25/2022,13603.67,463,0,1,13.8
10/26/2022,19650.65,591,0,0,15.7
10/27/2022,25075.63,987,0,0,17.5
10/28/2022,55202.87,1584,0,0,19.8
10/29/2022,83922.93,2407,0,0,18.1
10/30/2022,60359.44,1886,1,0,17.2
10/31/2022,47626.18,1582,0,0,15.3
11/1/2022,44684.69,1585,1,1,15.1
11/2/2022,13748.57,447,0,1,12.7
11/3/2022,19761.04,841,0,1,12.2
11/4/2022,55320.45,1572,0,1,9.9
11/5/2022,83420.56,2369,0,1,8.2
11/6/2022,49917.1,1565,0,1,9.6
11/7/2022,14922.22,376,0,1,12.5
11/8/2022,11117.2,391,0,1,13.8
11/9/2022,15125.67,447,0,1,13.2
11/10/2022,18972.13,769,0,0,11.1
11/11/2022,48852.37,1462,0,0,10.2
11/12/2022,86576.51,2489,0,0,10.6
11/13/2022,55823.75,1737,1,0,10.3
11/14/2022,9589.35,301,0,0,6.8
11/15/2022,10448.69,307,0,1,12.2
11/16/2022,15614,469,0,1,11.2
11/17/2022,21807.72,854,0,1,10.7
11/18/2022,45725.07,1283,0,1,8.8
11/19/2022,76797.74,2357,0,1,1.7
11/20/2022,48436.04,1513,1,1,2.4
11/21/2022,11130.77,298,0,1,5.4
11/22/2022,7789.16,258,0,1,7
11/23/2022,18036.79,486,0,1,8.3
11/24/2022,17613.01,717,0,1,8.5
11/25/2022,39515.65,1127,0,1,8.9
11/26/2022,73187.59,2077,0,0,6.7
11/27/2022,42090.34,1291,1,1,7
11/28/2022,12050.27,372,0,1,7.1
11/29/2022,12756.95,351,0,1,7.5
11/30/2022,19082.22,579,0,1,6
12/1/2022,15116.56,567,0,0,5
12/2/2022,34744.53,1119,0,1,2.4
12/3/2022,67921.92,2032,0,0,1.2
12/4/2022,36648.84,1267,1,0,1.2
12/5/2022,10720.88,300,0,1,1.2
12/6/2022,8117.24,275,1,1,3.5
12/7/2022,19143.85,550,0,1,4.1
12/8/2022,16777.1,606,0,1,3
12/9/2022,34547.53,914,0,1,1.3
12/10/2022,67635.19,1862,0,1,-1.2
12/11/2022,40277.7,1296,1,0,-0.1
12/12/2022,12542.89,385,0,1,-0.5
12/13/2022,15717.19,459,0,0,-2.3
12/14/2022,17007.64,543,0,0,-2.8
12/15/2022,16748.3,696,0,0,-4.5
12/16/2022,35450.78,897,0,0,-3.5
12/17/2022,59126.73,1611,0,0,-3.7
12/18/2022,31885.68,917,1,1,-1
12/19/2022,13288.43,422,0,1,5.5
12/20/2022,15968.1,491,0,1,10.2
12/21/2022,19511.2,612,0,1,8.6
12/22/2022,29166.16,1176,0,1,9.1
12/23/2022,41444.99,1182,0,1,10.1
12/24/2022,8465.42,280,1,1,9.6
12/25/2022,37127.23,1312,1,1,9.8
12/26/2022,40671.39,1661,1,1,8.2
12/27/2022,67415.66,2390,0,1,4.9
12/28/2022,68558,2354,0,1,8.2
12/29/2022,62035.65,2775,0,1,10
12/30/2022,81067.56,2599,0,1,8
12/31/2022,52492.87,1491,1,1,15.8
1/1/2023,21347.17,754,1,1,13.7
1/2/2023,32930.39,1314,0,1,10.6
1/3/2023,38244.32,1461,0,1,6.9
1/4/2023,39572.84,1543,0,1,10.5
1/5/2023,39714.29,2226,0,1,10.3
1/6/2023,68011.51,2133,0,1,10.5
1/7/2023,82310.23,2498,0,1,10.3
1/8/2023,58066.86,1919,0,1,9.3
1/9/2023,8187.08,237,0,1,6.8
1/10/2023,9880.28,353,0,1,5.7
1/11/2023,11410.59,320,0,1,9.2
1/12/2023,20891.96,858,0,1,9.3
1/13/2023,46927.43,1459,0,1,8.4
1/14/2023,83604.7,2402,0,1,8.2
1/15/2023,57500.03,1829,0,1,6.4
1/16/2023,11330.15,355,0,1,4.8
1/17/2023,10964.22,360,0,1,1.6
1/18/2023,14565.49,475,0,1,-0.2
1/19/2023,19585.21,883,0,1,1.2
1/20/2023,43037.05,1284,0,1,0.7
1/21/2023,74801.59,2289,0,0,-0.8
1/22/2023,49955.67,1674,0,1,0.4
1/24/2023,11864.85,380,0,0,1.9
1/25/2023,15482.03,442,0,0,-0.8
1/26/2023,19257.62,875,0,1,0.3
1/27/2023,39776.67,1211,0,1,3.6
1/28/2023,77369.05,2320,0,0,0.3
1/29/2023,50833.84,1672,0,0,-0.6
1/30/2023,14702.62,438,0,1,5.3
1/31/2023,11187.57,356,0,1,4.6
2/1/2023,13598.84,429,0,1,6.1
2/2/2023,23257.17,924,0,1,7.1
2/3/2023,51645.67,1534,0,1,8.6
2/4/2023,83774.49,2389,0,1,6.8
2/5/2023,54392.65,1834,0,1,5.8
2/6/2023,9465.03,285,0,1,2.3
2/7/2023,11035.82,389,0,1,0.9
2/8/2023,13189.94,430,0,0,2
2/9/2023,21743.72,990,0,1,1.8
2/10/2023,46733.74,1335,0,0,4.3
2/11/2023,85753.53,2564,0,1,6.5
2/12/2023,51590.46,1705,0,0,7.7
2/13/2023,12113.64,470,0,0,9.2
2/14/2023,12716.66,673,1,0,8
2/15/2023,17191.78,597,0,0,7
2/16/2023,18505.31,791,0,1,7.4
2/17/2023,53681.77,1380,0,1,11.3
2/18/2023,79243.14,2252,0,1,10
2/19/2023,46260.19,1650,0,1,8.8
2/20/2023,24446.57,969,1,1,6.5
2/21/2023,14315.28,543,0,0,7.3
2/22/2023,17760.65,590,1,1,8.6
2/23/2023,20322.37,887,0,1,7.6
2/24/2023,55106.96,1462,0,1,3.8
2/25/2023,93654.64,2582,0,1,3.5
2/26/2023,49834.7,1825,0,0,1.2
2/27/2023,14309.64,501,0,0,1.3
2/28/2023,15926.6,513,0,0,1.3
3/1/2023,16162.15,525,0,0,1.6
3/2/2023,25321.08,1084,0,0,3.7
3/3/2023,57092.05,1465,0,0,1.9
3/4/2023,94697.9,2512,0,1,5.1
3/5/2023,59279.98,1794,0,1,3.8
3/6/2023,12431.94,387,0,1,3.4
3/7/2023,12862.18,433,0,1,2.3
3/8/2023,16026.29,453,0,1,0.6
3/9/2023,21376.19,923,0,1,3.7
3/10/2023,52314.93,1407,0,1,7.2
3/11/2023,97828.61,2693,0,1,2.1
3/12/2023,61534.86,1909,0,1,5.9
3/13/2023,9998.67,361,0,1,12.9
3/14/2023,16462.85,501,0,1,7.4
3/15/2023,20358.77,605,0,1,4
3/16/2023,28332.37,1185,0,1,7
3/17/2023,55623.84,1460,0,1,12.1
3/18/2023,97692.86,2617,0,1,12.4
3/19/2023,63765.29,2005,0,1,11.4
3/20/2023,14567.57,475,0,1,8.2
3/21/2023,15574.09,504,0,1,10.4
3/22/2023,15710.56,499,0,1,11.5
3/23/2023,27696.54,1195,0,1,12.2
3/24/2023,61852.73,1625,0,1,11.5
3/25/2023,90367.99,2476,0,1,9.1
3/26/2023,61633.24,1850,1,1,7.2
3/27/2023,13209.59,406,0,1,3.5
3/28/2023,15380.15,469,0,1,3.9
3/29/2023,19110.91,537,0,1,9.7
3/30/2023,27043.41,1121,0,1,13.3
3/31/2023,60304.53,1585,0,1,11
4/1/2023,96481.21,2555,0,1,9.5
4/2/2023,64902.5,2049,1,1,5.4
4/3/2023,26500.9,991,0,0,4.1
4/4/2023,28470.51,1039,0,0,4.2
4/5/2023,34918.64,1311,0,0,5.6
4/6/2023,51005.56,1729,0,1,6.5
4/7/2023,92435.49,2653,1,1,8.2
4/8/2023,93998.46,2656,0,1,8.1
4/9/2023,67229.4,1856,1,1,9.6
4/10/2023,52693.44,1728,1,1,11.7
4/11/2023,32437,1206,0,1,10.3
4/12/2023,41787.55,1538,0,1,8.5
4/13/2023,48166.28,1935,0,1,8.8
4/14/2023,77382.79,2307,0,0,9.6
4/15/2023,93994.18,2500,0,1,8.1
4/16/2023,65503.59,1989,0,1,9.8
4/17/2023,12793.91,379,0,1,11.3
4/18/2023,14795.71,444,0,1,9.5
4/19/2023,18999.05,592,0,1,11.2
4/20/2023,19377.35,762,0,1,8.2
4/21/2023,62990.32,1624,0,1,11
4/22/2023,92715.65,2472,0,1,13.4
4/23/2023,64091.99,1968,0,1,12.3
4/24/2023,17389.07,507,0,1,8.9
4/25/2023,16278.12,468,0,1,7.1
4/26/2023,16898.67,587,0,1,5.7
4/27/2023,29709.04,1207,0,0,8.5
4/28/2023,60211.38,1621,0,1,12.1
4/29/2023,96816.38,2595,0,1,11.2
4/30/2023,83165.96,2299,0,0,11.9
5/1/2023,47743.72,1499,1,1,13.2
5/2/2023,11337.63,388,0,1,10.1
5/3/2023,20969.05,637,0,0,9.7
5/4/2023,31139.27,1247,0,0,15.3
5/5/2023,60915.81,1543,0,1,15.7
5/6/2023,96580.51,2563,0,1,14.4
5/7/2023,63021.14,1899,0,1,16.2
5/8/2023,14242.76,456,0,1,16.3
5/9/2023,16258.92,508,1,1,15.9
5/10/2023,21438.68,644,0,1,13.5
5/11/2023,30031.25,1237,0,1,13.4
5/12/2023,58029.56,1554,0,1,14.6
5/13/2023,82748.29,2214,0,1,15.5
5/14/2023,60021.99,1801,1,1,15.7
5/15/2023,16868.22,522,0,1,14.1
5/16/2023,15523.2,743,0,1,10.9
5/17/2023,45423.24,1191,0,1,10.5
5/18/2023,76215.96,2298,1,0,10.8
5/19/2023,75306.08,2138,0,0,13.8
5/20/2023,90899.92,2348,0,1,14.5
5/21/2023,52543.23,1585,0,1,17.2
5/22/2023,16188.12,489,0,1,18.8
5/23/2023,14595.16,612,0,1,14.1
5/24/2023,15845.86,509,0,0,10.8
5/25/2023,27351.81,1141,0,0,12.7
5/26/2023,55165.9,1317,0,0,13.2
5/27/2023,91428.39,2240,0,0,15.2
5/28/2023,76427.65,2129,1,0,17.7
5/29/2023,51269.29,1662,1,0,15.1
5/30/2023,19455.2,923,0,0,14.2
5/31/2023,17631.45,561,0,0,18
6/1/2023,26156.72,1040,0,0,14.9
6/2/2023,56641.39,1440,0,0,13.6
6/3/2023,92561.58,2399,0,0,16.3
6/4/2023,49559.05,1508,0,0,17.4
6/5/2023,13815.08,409,0,0,18.3
6/6/2023,20522.16,872,0,0,18.8
6/7/2023,41374.8,1131,0,1,17.5
6/8/2023,65001.73,2019,1,1,20.3
6/9/2023,58033.22,1511,0,0,22.8
6/10/2023,88977.6,2223,0,1,23.8
6/11/2023,46807.27,1440,0,0,24.7
6/12/2023,12582.15,326,0,0,23.2
6/13/2023,15501.51,620,0,0,22.2
6/14/2023,18011.69,604,0,0,20.3
6/15/2023,32980.77,1285,0,0,20.9
6/16/2023,51716.2,1278,0,0,21.1
6/17/2023,89573.16,2246,0,0,20.8
6/18/2023,56361.39,1633,0,0,22.4
6/19/2023,18736.96,463,0,1,23.2
6/20/2023,16473.69,652,0,1,24.5
6/21/2023,22759.33,752,0,1,22.3
6/22/2023,24308.42,987,0,1,20.2
6/23/2023,61656.28,1535,0,1,20
6/24/2023,92668.16,2363,0,0,21.8
6/25/2023,53051.36,1557,0,0,24.3
6/26/2023,19090.74,639,0,1,21.5
6/27/2023,,,0,1,18
6/28/2023,,,0,1,16.3
6/29/2023,,,0,1,19.5
6/30/2023,,,0,1,18.7
7/1/2023,,,0,1,17.8
7/2/2023,,,0,1,18.6
7/3/2023,,,0,1,16
7/4/2023,,,0,1,18.1
7/5/2023,,,0,0,18.3
7/6/2023,,,0,0,18.8
